sentenceid	sentenceurl	sentence	fact_rater1	fact_rater2	fact_rater3	fact_majority	pol_rater1	pol_rater2	pol_rater3	pol_majority
1	http://www.helmut-zenz.de/hzmausba.htm	Den Weltkrieg wertete er als gerechten Krieg , einen dem deutschen Volk aufgezwungenen Bewährungskampf .	s	s	s	s	+	+	0	+
2	http://www.burhoff.de/rspr/texte/bn_00012.htm	Eine verfestigte Neigung , auf beziehungs- bzw. partnerschaftliche Probleme mit der Begehung von Straftaten zum Nachteil des jeweiligen Partners zu reagieren , stellt sich grundsätzlich auch als eine die Anordnung der Sicherungsverwahrung zu begründen vermögende Persönlichkeitsstörung dar ( zu vgl. BGH Urteil vom 12.12.2002 - 4 StR 343/ 02 - unveröffentlicht ) .	o	o	o	o	-	0	-	-
3	http://www.aktion-leben.de/Religioese_Fragen/sld03.htm	Alle Menschen guten Willens müssen sich einsetzen , besonders in ihrem Berufsbereich und in der Ausübung ihrer Bürgerrechte , damit die moralisch unannehmbaren staatlichen Gesetze und die unerlaubten praktischen Verhaltensweisen geändert werden .	s	s	s	s	0	0	0	0
4	http://www.mpibpc.mpg.de/groups/pr/PR/03_10/	In der Chemotherapie viraler Infektionen und zahlreicher Krebserkrankungen werden häufig Wirkstoffe eingesetzt , die in ihrer Struktur den physiologischen Bausteinen der Nukleinsäuren ähneln .	o	o	o	o	0	0	0	0
5	http://www.nahost-politik.de/fundamentalismus/transfer.htm	Und doch wird in Israel über diese Möglichkeit in jüngster Zeit auf subtile , aber höchst beunruhigende Weise diskutiert .	s	s	s	s	-	-	-	-
6	http://www.napoleon-online.de/html/tb_november.html	Heute Morgen machten die Belagerten einen Ausfall , wurden aber mit bedeutendem Verlust zurückgetrieben .	o	o	o	o	-	0	-	-
7	http://www.canisianum.at/vortraege05/leher05.html	Dann braucht nur irgendein Geheimerlass anzuordnen dass das bei den Geisteskranken erprobte Verfahren auf andere Unproduktive auszudehnen ist , dass es auch bei den unheilbar Lungenkranken , bei den Altersschwachen , bei den Arbeitsinvaliden , bei den schwer kriegsverletzten Soldaten anzuwenden ist .	s	s	s	s	-	-	-	-
8	http://www.lexjahnel.com/	Die Ermittlung des Welteinkommens kann bei Steuerausländern praktische Schwierigkeiten bereiten .	s	o	s	s	-	0	-	-
9	http://www.agpf.de/Bundesregierung79.htm	Die dualistische Sicht teilt die Welt und die Menschen ein in Gut und Böse , Gerettete und Nichtgerettete , Antikommunisten und Kommunisten usw. und bewirkt so eine soziale Abkapselung bis hin zur Ablehnung aller Nichtsektenmitglieder .	s	s	s	s	-	-	-	-
10	http://www.kraftfeld.biz/index.php?module=010100&amp;article=12&amp;s=2573106e3c6de8499b034d6daac197e4	Die große Mehrzahl der Menschen arbeitet nur notgedrungen , und aus dieser natürlichen Arbeitsscheu der Menschen leiten sich die schwierigsten sozialen Probleme ab .	s	s	s	s	-	-	-	-
11	http://horvath.members.1012.at/hunt.htm	Das Wiedererstarken des Islam führt aber auch verstärkt zu fundamentalistischen Bewegungen .	s	s	s	s	-	-	-	-
12	http://www.rosalux.de/fileadmin/rls_uploads/pdfs/Schriften/Rechts_Antifa.pdf	Mit der Ernennung zum Ehrenmitglied des Präsidiums wird sie dem JNF-Berlin mit ihren Erfahrungen als unverzichtbare Kraft erhalten bleiben .	o	s	s	s	+	+	+	+
13	http://beihilfe.rp-kassel.de/static/abt1/ebeihilfe/psychoB.htm	Dies gilt auch dann , wenn sich die Verhaltenstherapie als nicht notwendig erweist .	o	o	s	o	0	0	0	0
14	http://www.panikattacken.at/angst/angst.htm	Angst ist ein ganz normaler menschlicher Gefühlszustand wie Liebe , Freude , Ärger , Wut oder Trauer und tritt gewöhnlich als Reaktion auf bedrohlich , ungewiss oder unkontrollierbar beurteilte Ereignisse und Situationen auf .	o	o	o	o	0	0	0	0
15	http://www.lebensmittelwelt.de/tree.html	Schon deshalb , weil es in Verbindung mit dem umfassenden Borco-Höhns Service die unverzichtbare Sicherheit im täglichen Einsatz bietet .	s	o	s	s	+	0	+	+
16	http://kraetzae.de/sonstiges/news/news0199/&amp;d=1	Außerdem fehle es an ausreichendem Leistungsdruck in der Schule .	s	s	s	s	-	-	-	-
17	http://www.silicon.de/management/analyse/0,39044010,39175126,00/sind_sie_fit_im_datenschutz.htm	Gleichzeitig sollte er angemeldete und nicht angemeldete Kontrollen vor Ort durchführen und auch in Gesprächen ermitteln , wie bewusst den einzelnen Mitarbeitern die Erforderlichkeit des Datenschutzes ist .	o	o	o	o	0	0	0	0
18	http://linroproject.npage.de/get_file.php?id=9260892&amp;vnr=873210	Die Bewegung der extrem detaillierten Raumschiffe basiert auf realen physikalischen Gesetzen .	o	o	o	o	0	0	0	0
19	http://www.talk-about-wine.de/pop_printer_friendly.asp?TOPIC_ID=5747	Es sind keine intellektuellen Überflieger , sondern saftige , reife , runde Weine voller Saft und Kraft , voller Frische und Ausdruck , denen man mit Genuß hinterher schmeckt , ohne groß über deren Qualität zu reflektieren .	s	s	s	s	+	+	+	+
20	http://www.dieterwunderlich.de/Verhoeven_instinct.htm	Die intelligente , reiche , attraktive und laszive Autorin verdreht den Kriminalbeamten die Köpfe .	s	s	s	s	+	+	+	+
21	http://www.oberberg-heute.de/index.php?act=vp&amp;cid=1&amp;pid=2598&amp;mailarticle=1	Sie müssen nun keine Angst vor dem schrecklichen Phantom haben , dass in Deutschland schon etliche Tiere auf offener Weide und in Ställen niedergemetzelt hat und bis heute unentdeckt bleibt .	s	s	s	s	+	-	-	-
22	http://www.maerchenlexikon.de/at-lexikon/at712.htm	Sie erhält die wunderbare Gabe , Krankheiten zu heilen , und geniesst hohes Ansehen .	s	s	s	s	+	+	+	+
23	http://www.journalmed.de/newsview.php?id=8496	Es entsteht der Eindruck , als könne man unter allen Rahmenbedingungen den ärztlichen Verpflichtungen nachkommen und als gäbe es kein ethisches Problem .	s	s	s	s	-	-	-	-
24	http://basisgruen.gruene-linke.de/gruene/bund/bdk/rostock/01-11-15--kotting-uhl.html	Zu diesen Waffen gehören Armutsbekämpfung , Gesundheitsversorgung , Bildung , gerechte Handelsbedingungen sowie Abbau und Prävention von internationaler Verschuldung .	s	s	s	s	0	+	0	0
25	http://kinderrechte.familie-ist-zukunft.de/?p=1	Die staatliche Gemeinschaft achtet , schützt und fördert die Rechte des Kindes und trägt Sorge für kindgerechte Lebensbedingungen .	o	s	s	s	+	+	+	+
26	http://www.pi-news.net/2010/10/der-sich-wandelnde-zeitgeist-und-stuttgart-21/	Es ist legitimer Antrieb , sich gegen ein unvermeidliches Los aufzulehnen .	s	s	s	s	0	0	0	0
27	http://www.nabu.de/tiereundpflanzen/voegel/tippsfuerdiepraxis/05991.html	Ziel sollte keine Vernichtung , sondern ein kleiner gesunder Taubenbestand sein , denn auch Stadttauben zählen zur Artenvielfalt unserer Siedlungen .	s	o	s	s	0	0	0	0
28	http://www.bertelsmann-stiftung.de/cps/rde/xchg/bst/hs.xsl/nachrichten_4270.htm	Schließlich sollte der Missbrauch des Internets durch wirksame Sanktionen verhindert werden .	s	s	s	s	-	-	-	-
29	http://www.agpf.de/Schneeballsystem.htm	Seit 1986 ist die sog. Schneeballwerbung verboten und mit nicht unerheblicher Strafe bedroht .	o	o	s	o	-	0	-	-
30	http://www.ainfos.ca/02/may/ainfos00467.html	Es ist erwähnenswert , dass im Fall unseres Compañeros , Rafael López Santiz , die Vicente Fox Regierung darauf bestand ihn bis gestern eingesperrt zu halten , obwohl er seine Strafe bereits vor einiger Zeit abgeleistet hatte , und er seit mehr als drei Jahren unter schlechter Gesundheit aufgrund der anhaltenden Gefangenschaft und fehlender Aufmerksamkeit für sein fortgeschrittenes Alter zu leiden hatte .	s	s	s	s	-	-	-	-
31	http://www.salmoxisbote.de/Bote16/Grimsen.htm	Der Stand der Proktologen ist darauf angewiesen , nichts zuzahlen zu müssen , blanke ehrbare erbarmungswürdige Not sitzt ihm auf der Nase und ist behilflich beim Studium der Sparte Termine .	s	s	s	s	-	-	-	-
32	http://www.viva.de/film.php?op=tv&amp;what=show&amp;Artikel_ID=42070	Der Mauerfall war für sie kein reiner Segen .	s	s	s	s	-	-	-	-
33	http://www.sz-online.de/jungeszene/news.asp?ausgabe=319&amp;etag=28.03.2007	Ebenso erteilten die im Institut für Rechtsmedizin in Hamburg gezeigten Leichen keine Genehmigung dazu , von interessierten Besuchern besichtigt zu werden .	s	s	s	s	-	-	-	-
34	http://www.vampyrbibliothek.de/vampire/vampire-texte.htm	Die tieferen Ursachen der Faszination sind Ängste und Begierden , die Sucht nach Leben und die Sehnsucht nach Unsterblichkeit .	o	s	o	o	0	-	0	0
35	http://www.ralf-woelfle.de/elektrosmog/biologie/esr_icnirp.htm	Die Studie von Lai und Singh ( 1995 , 1996 ) , bei der Brüche in der Erbsubstanz bei einer SAR von etwa 1 Watt pro kg festgestellt worden waren , habe erhebliche methodische Fehler aufgewiesen .	o	o	o	o	-	-	-	-
36	http://www.here-now4u.de/hat_uns_vivekananda_heute_etwa.htm	Für einen jungen Mann von 30 Jahren , verhältnismäßig unbekannt , aus einem Land von politisch subjektiven Menschen und konfusen nationalistischen Hoffnungen , muß es enormen Muts und Selbstsicherheit bedurft haben , nach Übersee , in eine völlig andere Umgebung zu reisen und sich vor eine Versammlung der Guten und Großen zu stellen , die keine Vorstellung hatten , was sie erwarten sollten , und sie für sich zu gewinnen .	s	s	s	s	+	+	+	+
37	http://www.antipsychiatrie.de/io_05/medizinische_versorgung.htm	Das Schlimmste aber war eine mir unerklärliche starke innere Unruhe und das gleichzeitige Unvermögen , mich normal zu bewegen .	s	s	s	s	-	-	-	-
38	http://www.lateinamerikanachrichten.de/index.php?/print/600.html	Seit dem Übergang zur Demokratie 1990 hat es zwar einige oberflächliche Änderungen ( am Bildungssystem ) gegeben , aber man hat am Großteil der Definitionen festgehalten , auf Grund derer es heute keine nachhaltige Unterstützung für Jugendliche , die ihr Studium nicht selbständig finanzieren können , gibt .	s	s	s	s	-	-	-	-
39	http://www.morgenpost.de/printarchiv/politik/article318228/Stuermische_Zeiten_in_Wolfsburg.html	Miese Ertragslage , mangelhafte Qualität , zu hohe Kosten und Probleme in den USA .	s	s	s	s	-	-	-	-
40	http://www.jugendhilfe-cottbus.de/index.php?sid=10	Die Ungerechtigkeit , dass reiche Familien von den Steuerfreibeträgen stärker profitieren , hätte somit ein Ende gefunden .	s	s	s	s	-	-	+	-
41	http://www.doew.at/thema/thema_alt/rechts/burschen/burschis.html	Als Folge der Eskalation rassistisch motivierter Gewalt Ende 1993 setzte seitens der FPÖ-Spitze jedoch eine gewisse Absetzbewegung vom eigenen korporierten Umfeld ein .	s	s	s	s	-	-	-	-
42	http://www.infodocc.info/rss/article/51olg-frankfurt-internetabofallen-stellen-gewerbsmaessigen-betrug-dar.html	Sie besteht in der Vorspiegelung falscher oder in der Entstellung oder Unterdrückung wahrer Tatsachen .	s	s	s	s	-	-	-	-
43	http://www.thorwal-standard.de/namenlos.htm	Es ist erschreckend , wie viel Kraft diese unseligen Kreaturen aus ihrem falschen Glauben zu schöpfen vermögen .	s	s	s	s	-	-	-	-
44	http://www.kindergartenpaedagogik.de/102.html	Werden jedoch Gefühle , Befindlichkeiten und Stimmung nicht angesprochen , so entwickeln sie indirekt destruktive Kräfte .	o	o	o	o	-	0	-	-
45	http://www.kommunisten-online.de/Kriegstreiber/irak_ne.htm	Die USA-Taktik könnte durchaus darauf abzielen , diese Grundlagen des Staates weiter zu erschüttern , die arabische Welt um diese wichtige Nation zu bringen und diese Nation ins absolute Elend zu stürzen .	s	s	s	s	-	-	-	-
46	http://www.inkultura-online.de/brun2.html	In der Regel ist die Lebenslinie voll von Trauer , Hoffnung , Verzweiflung , Einsamkeit und Suchen nach dem eigenen , authentischen Weg .	s	s	s	s	0	-	-	-
47	http://www.ra-kotz.de/kapitalanlage.htm	Weiter müsse berücksichtigt werden , dass den von der Klägerin übernommenen Kreditanteilen im Hinblick auf deren zweitrangige Absicherung keine realen Sicherheiten gegenübergestanden hätten .	o	o	o	o	-	0	-	-
48	http://www.fes.de/ipg/ipg4_2000/Artluh.htm	Sie ist in Wahrheit Ausdruck einer Verzagtheit , die die strategische Phantasie blockiert und so zu tatsächlicher Machtlosigkeit mutiert .	s	s	s	s	-	-	-	-
49	http://www.krebsgesellschaft.de/re_gallenblase_gallenwege,4158.html	Bislang sind keine sicheren Risikofaktoren bekannt , allerdings wurden bei 70-98 Prozent aller bösartigen Gallenblasentumoren und bei 26-50 Prozent aller Gallenwegstumoren Gallensteine in der Gallenblase gefunden .	o	o	o	o	0	0	-	0
50	http://www.frankfurt-main.ihk.de/branchen/immobilien/immobilienboerse/archiv/wohnimmobilien_vortaunus/index.html	Der Markt für freistehende Einfamilienhäuser bis ca. 700.000 Euro war von einer guten Nachfrage bei einem schwachen Angebot geprägt , wobei die Käufer hohe Ansprüche an Qualität und Lage stellten .	o	o	o	o	0	0	0	0
51	http://www.wecker.de/backstage_recht2.php?ide=177	"Es gehe darum , "" negative Energie in positive Energie der Versöhnung zu verwandeln "" sowie "" dem Wahnsinn Einhalt zu gebieten und das Unmögliche möglich zu machen "" ."	s	o	o	o	+	0	0	0
52	http://www.playbasketball.de/coach/Sportverletzungen.htm	Symptome sind heftige Schmerzen bei Bewegung und Druck , Schwellung , Bluterguss , abnorme Gelenkstellung und Beweglichkeit .	o	o	o	o	-	0	-	-
53	http://www2.hu-berlin.de/amnesty/www/?page_id=4	"Seit 1973 , als die "" Urgent Action "" ( UA ) erstmals im Rahmen der damaligen Kampagne gegen die Folter gestartet wurde , stellen die Eilaktionen die schnellste aller Arbeitsmethoden dar , auf bekannt gewordene Menschenrechtsverletzungen zu reagieren und deren Unterlassung zu fordern ."	o	o	o	o	0	0	+	0
54	http://www.bverwg.de/enid/0,d6488b655f76696577092d0964657461696c093a096d6574615f6e72092d09313237093a095f7472636964092d0931393535/Entscheidungen/Entscheidung_8n.html	Die GFK ist demzufolge nicht auf Personen anwendbar , gegen die ein ernsthafter Verdacht besteht , Verbrechen gegen den Frieden , ein Kriegsverbrechen oder ein Verbrechen gegen die Menschlichkeit begangen zu haben .	o	o	o	o	0	0	0	0
55	http://de.wikipedia.org/wiki/Demokratischer_Sozialismus	Ohne den Kampf der Massen keine sozialen Reformen .	s	o	o	o	0	0	0	0
56	http://www.lateinamerika-nachrichten.de/index.php?/print/158.html	Es zeichnet sich keine Kraft innerhalb des Regierungsblockes ab , die eine Linie vorgeben kann .	s	o	o	o	-	0	-	-
57	http://www.igfm.de/Detailansicht.384+M5d6490a4f51.0.html	Er leidet zudem unter starkem Bluthochdruck sowie an einer Zahnfleischentzündung .	o	o	s	o	-	0	-	-
58	http://www.textlog.de/2518.html	Dieses zielt gerade darauf ab , den Menschen zu einem elenden schwachen Ding zu machen , das von Lust , Zärtlichkeit und Schmerzen so überwältigt wird , dass es keine wirksame Kraft mehr behält , dem alle Standhaftigkeit und aller männliche Mut fehlt .	s	s	s	s	-	-	-	-
59	http://www.nexusboard.net/showthread.php?siteid=2293&amp;threadid=205238	Der nächste Krieg , wenn er nicht noch verhindert werden kann , wird noch schlimmer werden .	s	s	s	s	-	-	-	-
60	http://www.chiapas.eu/news.php?id=434	Aber trotz der brutalen Repression , mit der die Kaziken ihre Vormachtstellung behaupten wollten , gelang es der Bevölkerung ab ca. 1970 , die zerstörten kollektiven demokratischen Strukturen auf den verschiedenen Ebenen der zapotekischen Gesellschaft wieder einzuführen .	s	s	s	s	+	+	+	+
61	http://blog.gpa-djp.at/bildung/files/2010/11/GPA-SEMINAR.pdf	Der Erholungsurlaub wird daher bei Erkrankung eines nahen Angehörigen ähnlich beeinträchtigt wie bei eigener Erkrankung , weshalb eine Unterbrechung des Erholungsurlaubs zu erfolgen hat .	o	o	o	o	-	0	-	-
62	http://www.dbk.de/presse/details/?presseid=1037&amp;cHash=638c8a5b37d19b322ac127593195b407	Nur auf diese Weise ist es möglich , dem Problem des gewaltigen unerlaubten Waffenhandels insgesamt wirksam zu begegnen .	s	o	s	s	0	0	0	0
63	http://www.bvss.de/index.php?option=com_content&amp;view=article&amp;id=4&amp;Itemid=21	Negative Reaktionen der Mitmenschen wie Hohn und Ablehnung , aber auch Mitleid oder Verlegenheit können noch dazu beitragen , dass sich die stotternde Person zurückzieht .	o	o	o	o	-	0	-	-
64	http://www.a-saph.de/downs/Reue.pdf	Wenn du nicht in die Hölle willst , dann sei demütig und ertrage auch die schlimmste Folter ohne Hass auf deine Peiniger , denn es ist letztlich nur um deiner Seele Willen , sie vor der Hölle zu bewahren .	s	o	o	o	0	0	-	0
65	http://www.politik.de/forum/balkan/65450-milosevic.html	Milosevic ist wegen Völkermordes , Kriegsverbrechen und Verbrechen gegen die Menschlichkeit während der Kriege in Kroatien , Bosnien und im Kosovo in den 90er Jahren angeklagt .	o	o	o	o	-	0	-	-
66	http://cms.ihk-trier.de/ihk-trier/Integrale?SID=CRAWLER&amp;ACTION=ViewPageView&amp;MODULE=Frontend&amp;PageView.PK=13&amp;Document.PK=2653	Es zeigt sich immer deutlicher , dass viele Probleme der Berufsausbildung in unseren Schulen beginnen .	s	s	s	s	-	-	-	-
67	http://www.fes.de/ipg/ipg3_2001/artschatten.htm	Ihnen dürfte klar sein , dass eine Massenrückwanderung von Flüchtlingen ( wenn sie denn tatsächlich zustande käme ) die demographischen Verhältnisse im Westjordanland und vor allem in Gaza völlig umstürzen und zum sozialen Chaos führen müssten .	s	s	s	s	-	-	-	-
68	http://www.michaels-reisetagebuch.com/thai/page10.html	Der heutige Mittwoch war von extremer Tatenlosigkeit und Langeweile geprägt .	s	s	s	s	-	-	-	-
69	http://ln-berlin.de/index.php?/artikel/540.html	Viele Kollegen haben handfeste familiäre Probleme , können ihre Kinder bei deren Ausbildung nicht mehr unterstützen .	s	s	s	s	-	-	-	-
70	http://www.wir-sind-kirche.de/fulda-hanau/Oekumene_Kardinal_Lehman_Der_Weg_zur_Einheit.htm	"Die Bewegung für praktisches Christentum ( Life and Work , 1925 ) nahm diese Impulse auf und wollte nicht nur an der Lösung vor allem sozialer Probleme mitwirken , sondern auch den politischen Einheitsbestrebungen der Welt eine "" christliche Seele "" geben , wie z. B. dem Völkerbund ."	o	s	s	s	0	+	+	+
71	http://www.salmoxisbote.de/Bote16/Charms.htm	Und so galt , zu Zeiten des großen Kaisers Alexander Vilberdat , einem erwachsenen Menschen ein Kind zu zeigen als höchste Beleidigung .	o	o	o	o	-	0	-	-
72	http://www.agsp.de/UB_Veroffentlichungen/Aufsatze/Aufsatz_43/hauptteil_aufsatz_43.html	Zeigt das Kind immer wieder Gefühle intensiver Angst , massiver Hilflosigkeit und/ oder extremer Wut , ODER löst es diese Gefühle bei anderen Menschen aus , dann ist die Wahrscheinlichkeit groß , dass eine Traumatisierung erfolgt ist .	o	o	s	o	-	0	-	-
73	http://www.netdoktor.de/News/Parodontitis-Fast-jeder-zwe-1114614.html	Stärkster Risikofaktor sei das Rauchen .	s	o	s	s	-	0	-	-
74	http://www.3-welten.de/sr/downloads/Abeneuer/black_sun.pdf	Dyner ist selbst für die Schatten eine zwielichtige Persönlichkeit mit mehr als zweifelhaftem Ruf .	s	s	s	s	-	-	-	-
75	http://de.wikiactu.com/?cat=2164	Taylor , der in den Vereinigten Staaten studiert hatte , werden Mord , Vergewaltigung und Verbrechen gegen die Menschlichkeit im Zusammenhang mit dem Krieg in Sierra Leone vorgeworfen .	o	s	s	s	-	-	-	-
76	http://www.foerderkreis-neues-gymnasium-glienicke.de/	Sozial schwächeren Schülern wurde die Teilnahme an Klassenfahrten ermöglicht .	o	s	s	s	+	+	+	+
77	http://www.projektwerkstatt.de/hoppetosse/internat/us_brief.html	Getrieben von tiefster Sorge um den Weltfrieden und aus Angst vor einer Vervielfältigung des Schreckens schreiben wir diese Zeilen .	s	s	s	s	-	-	-	-
78	http://www.busfahrer-magazin.de/forum/viewtopic.php?t=112	Doch diese Bilder sind geschickte Manipulationen .	s	s	s	s	-	-	-	-
79	http://www.netdoktor.de/Krankheiten/Multiple-Sklerose/Therapie/Multiple-Sklerose-Physiotherap-9936.html	Mit begrenzten Kräften aber viel Einsatz .	s	s	s	s	+	+	+	+
80	http://blog.metaroll.de/2008/11/25/studium-20-vertrauen-studenten-der-wikipedia/	Sechs von zehn Studierenden und Mitarbeitern sehen jedoch deutlichen Nachholbedarf .	o	s	o	o	-	-	0	-
81	http://www.reconquista-europa.com/archive/index.php/t-37577.html	Die Form der kritiklosen Unterwerfung und fanatischen Verehrung durch die dreieinhalb Millionen Palästinenser verhinderte die Schaffung demokratischer Einrichtungen und einer politischen Ordnung , in der diese sich als Volk hätten wiedererkennen können .	s	s	s	s	-	-	-	-
82	http://www.lsvd.de/177.98.html	Vorurteile der heterosexuellen Mehrheit gegenüber einer homosexuellen Minderheit sind keine ausreichende Rechtfertigung für Eingriffe in das Privatleben , ebenso wenig wie ähnliche negative Einstellungen gegenüber Personen anderer Rasse , Abstammung oder Hautfarbe .	s	s	s	s	-	-	-	-
83	http://www.aus-portal.de/rechtsprechung/entscheidungen/ctg1079949824131/1194.html	Obwohl auch er - wie das Arbeitsgericht zutreffend herausgestellt hat - nicht unerhebliche Nachteile hat , z. B. eine Rentenminderung wegen der Inanspruchnahme der Rente zu einem früheren Zeitpunkt und wegen vorhergehender Arbeitslosigkeit hinnehmen muß , ist der Ausschluß von den Sozialplanleistungen unter Berücksichtigung der konkreten Umstände des vorliegenden Falles nicht unwirksam .	o	o	o	o	-	0	-	-
84	http://www.xidee.com/maria/content/view/13/	Wenn wir bedenken , daß der durch Jahrtausende sicherste Ort menschlicher Geborgenheit , der Schoß der Mutter , zum frei manipulierbaren Schlachtfeld gegen das von Gott zur Einmaligkeit bestimmte wehrlose Menschenkind geworden ist .	s	s	s	s	-	-	-	-
85	http://www.ftd.de/unternehmen/versicherungen/:unisex-tarife-reine-propaganda/60019892.html	Reine Propaganda .	s	s	s	s	-	-	-	-
86	http://www.ralf-woelfle.de/elektrosmog/biologie/fort.htm	Das Neuroblastom ist ein Tumor nicht ausgereifter Nervenzellen .	o	o	o	o	-	0	-	-
87	http://www.gestalt.de/perls_gestalttherapie_buch.html	Das Symptom eines derartigen Vertrauensverlustes in autonome Prozesse ist die Konstruktion eines entfremdeten Selbst , das sich von der ' Außenwelt ' furchtsam zurückzieht und immer kleiner wird , bis es - einem im eigenen Schädel belagerten Homunkulus gleich - darauf reduziert ist , den Körper zu manipulieren , als sei er eine ungeschlachte Maschine , und in fieberhafter Angst immer neue Abwehr- und Angriffsstrategien zu entwerfen .	s	s	s	s	-	-	-	-
88	http://www.dvdcheck.de/reviews/angel_heart.htm	Von letzterem gibt es schweißtreibend genug , zudem wirkt diese bedrohliche , mystische , extrem dichte und schmuddelige Atmosphäre massiv auf den Betrachter ein .	s	s	s	s	-	-	-	-
89	http://attac-typo.heinlein-support.de/attac-typo3/archive/GATS/www.attac.de/gats/hintergrund/03_04_07_stellungnahme_fritz.html	Für soziale Bewegungen wie Attac und andere verbanden sich bisher keinerlei Chancen mit der laufenden GATS-Runde , da es keine hinreichende Transparenz der Verhandlungen gab .	s	s	s	s	-	-	-	-
90	http://www.netzwerkafrika.de/dcms/sites/nad/laender/kamerun/ereignisse/archiv1990-2000.html	Ökonomisten befürchten eine stärkere Inflation und eine Destabilisierung der Wirtschaft und mögliche soziale Spannungen .	s	s	s	s	-	-	-	-
91	http://www.medizinauskunft.de/artikel/diagnose/krankheiten/Ruecken_Gelenke/11_06_angst_ruecken.php	Denn mit der Schmerzerfahrung beginnt ein Teufelskreis , aus Angst vor Schmerzen und Angst vor Bewegung .	o	o	s	o	-	0	-	-
92	http://www.tentmaker.org/german-articles/dieholle.htm	Und diese Unerreichbarkeit sei selbstverschuldet , sei das Ergebnis beharrlichen , bewußten Widerstandes , frecher Auflehnung gegen Gott und Seinen Christus .	s	s	s	s	-	-	-	-
93	http://www.wikiweise.de/wiki/F.W.A.%20Sert%C3%BCrner	Er zeigt sich durch Schmerz in der Magengegend , Ermattung und starke an Ohnmacht grenzende Betäubung .	o	o	o	o	-	0	-	-
94	http://www.verbraucherzentrale-niedersachsen.de/link542161A	Zum Schmerz über den Verlust eines geliebten Menschen wollen nüchterne Entscheidungen über Bestattungsformalitäten gar nicht passen .	s	s	s	s	-	-	-	-
95	http://www.wasser.de/aktuell/forum/index.pl?job=thema&amp;tnr=100000000002137	Es gibt keine sichere Kontrolle , wann ein Filtereinsatz gewechselt werden muß .	o	o	o	o	-	0	-	-
96	http://www.dctb.de/dctb/medien/1artikel.php?we_objectID=933	Eine Drachme war ein Tagelohn , und wenn der Knecht eine Million Drachmen Schulden hatte , war er faktisch mit unbezahlbarer Schuld beladen .	o	o	o	o	-	0	-	-
97	http://www.horst-walther.de/travel/roedelei/grsisbel.htm	Er blieb fast eine Viertel Stunde und erzählte ein wenig über den vergangenen Abend und klagte mir sein Leid über den Kühler , dann das Ding einfach nicht richtig dicht zu kriegen sei und daß es hier am Orte keine Kühlerreparaturwerkstätte gäbe .	o	o	o	o	-	0	-	-
98	http://geschaut.com/?s=20437&amp;p=&amp;c=random	Ich habe jetzt starke Schmerzen , wie Messerstiche so scharf .	s	s	s	s	-	-	-	-
99	http://www.aufrecht.de/3802.html	Der Skandal-Schiri hat zahlreiche Manipulationen mittlerweile eingeräumt - in Berlin gab es bereits erste Verhaftungen .	s	s	s	s	-	-	-	-
100	http://www.verkehrslexikon.de/Texte/EUFahrerlaubnis43.php	Spätestens bei einer Verkehrskontrolle werden die deutschen Behörden in der Folge Zweifel an der Eignung erheben .	o	o	s	o	-	0	-	-
101	http://www.kirche-ahlerstedt.de/Gemeindebrief/27_Mai__Juni_2010.pdf	Geburt , Tod , Krankheit und Heilung , Freude und Klage .	o	s	o	o	0	0	0	0
102	http://www.dieterwunderlich.de/Newell_hochzeiten.htm	Hochzeit und Beerdigung , Leben und Tod , Glück und Trauer , Lachen und Weinen gehören hier zusammen .	s	s	s	s	+	0	0	0
103	http://dip.bundestag.de/btd/15/044/1504481.pdf	Die Problematik einer allgemein akzeptablen Definition des Terrorismus mit der Abgrenzung von Terrorismus und Freiheitskampf konnte auf diese Weise bisher aus den Übereinkommen herausgehalten werden .	o	o	o	o	0	0	0	0
104	http://gutenberg.spiegel.de/buch/4493/1	Zuletzt gießen Sie wenig Weingeist hinzu und bewahren die gut verschlossene Flasche an kühlem Ort auf .	o	o	o	o	0	0	0	0
105	http://www.gestalt.de/provokative_therapie_1.html	"Sein Buch "" Provokative Therapie "" liegt in deutscher , italienischer und französischer Übersetzung vor ."	o	o	o	o	0	0	0	0
106	http://www.jochen-hippler.com/Aufsatze/Burgerkrieg_und_Wiederaufbau_i/burgerkrieg_und_wiederaufbau_i.html	Systematischer Widerstand hätte diesen einfachen Weg zur Macht eher gefährdet denn gefördert , er wäre also kontraproduktiv gewesen .	s	s	s	s	-	-	-	-
107	http://www.gemeindearchiv.at/nc/gemeindearchive/dokumente/ptr/1/sort/sizedesc/	Sie liefert Meldungen über das politische Ortsgeschehen , interessante Bräuche und kulturelle Veranstaltungen oder greift ernste , soziale , kirchliche , lustige oder kuriose Themen auf .	o	o	o	o	0	0	0	0
108	http://www.textezumfilm.de/sub_detail.php?id=255	Liebe und Freundschaft , Rache , Treue und Verrat .	o	s	o	o	0	0	0	0
109	http://www.konrad-fischer-info.de/11entwf.htm	Konservierung oder Renovierung , Reparatur oder Austausch , Erhaltung oder Abbruch , Nutzungsverzicht oder Übernutzung sind neben der Frage nach Reversibilität der neuen Konstruktionen die Maßstäbe , an denen der Entwurf am Baudenkmal gemessen werden müßte .	s	o	s	s	0	0	0	0
110	http://gruene-berlin.de/positionen/stach_arg/113/31_buben.html	Der laute Ruf der law-and-orderFraktion in CDU und SPD nach härteren Strafen und geschlossenen Heimen ist falsch und verdient unseren entschiedenen Widerstand .	s	s	s	s	-	-	-	-
111	http://film.gruene-berlin.de/site/483.html	Deutsche und nichtdeutsche , behinderte und nichtbehinderte , ärmere und reichere Kinder leben zusammen in dieser Stadt und sollen gemeinsam aufwachsen .	s	s	s	s	+	+	+	+
112	http://www.die-dkp-leipzig.de/Dokumente/Philosophie%20und%20Politik_Festschrift%20fuer%20Robert%20Steigerwald.pdf	Zweifelsohne ist dies die wichtigste theoretische Grundvoraussetzung für die Formierung einer marxistisch sozialistischen Programmatik und einer realistischen Politik wirklich linker Kräfte .	s	s	s	s	0	0	0	0
113	http://www.fes.de/research/fpolicy/sturm.html	Der Volkskongreß wählte einen provisorischen Rat mit Hussein Achmadow an der Spitze sowie ein provisorisches Komitee zur Ausarbeitung von Gesetzen unter Führung von Letschi Magomadow .	o	o	o	o	0	0	0	0
114	http://www.math.uni-hamburg.de/spag/gn/N/nb34-04.html	März 2003 waren wir alle in Christians Sternwarte zum astronomischen Praktikum eingeladen .	o	o	o	o	0	0	0	0
115	http://www.ahlbach-online.de/tippsundtricks.htm	Nach neuesten Erkenntnissen soll man leichte Verbrennungen oder Verbrühungen geringen Grades ( ohne Blasenbildung ) an der Luft heilen lassen ( nicht mit Pflaster oder Verband abdecken ) .	o	o	o	o	0	0	0	0
116	http://www.kommunisten-online.de/archiv_2004.htm	In der Fortexistenz einer solchen PDS sehe ich jedoch nur noch ein Hindernis zur Sammlung der linken Kräfte , weil eine solche PDS allein auf Grund ihres Namens weiterhin linke Kräfte bindet und von einer Neuformierung ablenkt .	s	s	s	s	-	-	-	-
117	http://www.kath.net/detail.php?id=6738	Mit großer Sensibilität gelingt es zu zeigen , wie in der Passion Christi Hass und Liebe , Brutalität und Zärtlichkeit , grausamer Spott und mitfühlender Trost ineinander verwoben sind .	s	s	s	s	0	0	0	0
118	http://www.sfv.de/lokal/mails/wvf/okunsche.htm	Eine energische Verbilligung der Lohnkosten und gleichzeitig eine ebenso energische Verteuerung von Energie durch Energiesteuern muss möglichst rasch den Anreiz für die ständig laufende Substitution von Arbeit durch Energie beenden .	s	s	s	s	0	0	0	0
119	http://www.weberberg.de/abc/texte/afrot.html	Der Salomonsiegel galt früher als geheimes Mittel , um verschollene Schätze zu finden .	o	o	o	o	0	0	0	0
120	http://www.projektwerkstatt.de/aes/national.html	Volks-Herrschaft folglich auch nichts emanzipatorisches - aber die richtige Übersetzung für Demokratie , die ebenfalls nicht Befreiung , sondern integrative Herrschaft bedeutet .	s	o	s	s	0	0	0	0
121	http://www.hohle-erde.de/cgi-bin/yabb/YaBB.pl?num=1100819957	Die ist das Buch von Marduk , der von Enki , dem Herren der Magier , gezeugt wurde , der Tiamat besiegte , die als KUR bekannt ist , als HUWAEA im Magischen Streite , der die Alten besiegte , so dass die Älteren ( die Götter des Spärenplaneten ) leben und die Erde regieren können .	o	o	o	o	0	0	0	0
122	http://www.astro.uni-bonn.de/~dfischer/news/610.html	Vor allem war die Columbia die ganze Zeit weiter korrekt dem Flugplan gefolgt , inklusive einiger ziemlich starker Drehbewegungen ( » Roll Reversals « ) , die zur effizienten Vernichtung von kinetischer Energie dienen ( die erste Rolle war um 14:56 MEZ beendet ) .	o	o	o	o	0	0	0	0
123	http://www.karmel.at/edith/genHaupts.htm	Das in Solidarität mit allen , die leiden , gelebte Kreuz Christi ist auch ein Weg , um mit der Hoffnung auf das Leben und die Auferstehung an den Freuden und Hoffnungen , der Trauer und den Ängsten der Menschen teilzunehmen .	o	s	s	s	0	+	+	+
124	http://www.dig-frankfurt.de/site/aktuelles/israel-nachrichten/routine-des-terrors.html	In Israel zog man gleichfalls die Bilanz und fragte sich nach dem Gleichgewicht zwischen Schrecken und Zuversicht , Optimismus und Pessimismus .	o	s	o	o	0	0	0	0
125	http://www.studis-online.de/Fragen-Brett/read.php?3,50707,50714,quote=1	Vorprüfungszeugnis einer bayerischen Fachhochschule ) berechtigt nur zum Studium bestimmter Fächer .	o	o	o	o	0	0	0	0
126	http://www.bmbf.de/de/6459.php	Trotz dieser erheblichen Steigerung der absoluten Zahlen beträgt ihr Anteil seit Einführung der neuen Ausbildungsberufe im Jahre 1997 mit 22,6 % weniger als ein Viertel der Auszubildenden .	o	o	o	o	-	0	-	-
127	http://www.gestalt.de/polster_miriam.html	"Diese Interaktion , die gleichermaßen reich und fruchtbar wie auch unbeholfen und unbefriedigend sein konnte , nannte er "" Kontakt "" ."	o	s	o	o	0	-	0	0
128	http://www.sbg.ac.at/geo/agit/papers95/dschmidt.htm	Das modular aufgebaute Fuzzy-Entscheidungssystem ( im mittleren Bereich der Abbildung 1- repräsentiert durch die grau unterlegten Felder ) erhält als Input eine Datei , in der die Tag-/ Nacht- OST-Werte pixelweise gespeichert sind .	o	o	o	o	0	0	0	0
129	http://www.burhoff.de/insert/?/veroeff/aufsatz/zap_f9_s739ff.htm	Die nachfolgenden Ausführungen gelten für alle Fälle , in denen nach der BußgeldkatalogVO die Verhängung eines Fahrverbots in Betracht kommt , also nicht nur für die Geschwindigkeitsüberschreitung , sondern z. B. auch für die Fälle der Trunkenheitsfahrt nach § 24a StVG , wobei aber bestimmte Besonderheiten zu beachten sind ( vgl. u. III .	o	o	o	o	0	0	0	0
130	http://www.zeitschrift-marxistische-erneuerung.de/archiv/xxinfo/h040s103.html	Diese hegemoniale Strategie wurde und wird mit den Mitteln des Völkerrechts und innerhalb der bestehenden internationalen Organisationen betrieben , notfalls aber auch gegen diese bis hin zum formellen Bruch mit beidem , so etwa schon im Falle der militärischen Interventionen in Grenada oder Panama .	o	s	o	o	-	-	-	-
131	http://www.taz.de/dx/2003/05/24/a0236.1/text	In jedem Fall jedoch , gleich ob Handlung oder Gedanke , kann ein Fehler nur festgestellt werden , wenn es einen Beobachter gibt , der darüber entscheidet , ob es sich um eine richtige oder falsche Handlung , einen richtigen oder falschen Gedanken handelte .	o	o	o	o	0	0	0	0
132	http://www.detlev-wulf.de/tmbuch98/definiti.htm	Er muß aber die Möglichkeit haben , sich möglichst objektiv zu informieren , damit er sich zwischen guten und faulen Früchten von echten und falschen Propheten entscheiden kann .	s	s	s	s	0	0	0	0
133	http://www.das-weisse-pferd.com/03_05/freier_wille.html	Den Philosophen ist dieses Paradox zwischen » objektiver Bedingtheit « und » subjektiver Freiheit « des Menschen schon seit langem bekannt .	o	o	o	o	0	0	0	0
134	http://www.hopkinsville.de/files/horoskop.htm	Pluto steht für gewaltige Energien , die konstruktiv oder destruktiv eingesetzt werden können .	o	o	o	o	0	0	0	0
135	http://www.hans-hass.de/Energon/090_103_Das_Geruest_der_Konkurrenzfaehigkeit.html	Wer bei begrenztem Bedarf diesen schneller erkennt und befriedigt , ist dem Konkurrenten um eine Nasenlänge voraus .	s	s	s	s	+	+	+	+
136	http://www.experto.de/b2b/personal/mitarbeiterfuehrung/fristlose-kuendigung-so-gehen-sie-bei-beleidigungen-arbeitsrechtlich-vor.html	Denn der Arbeitsrichter wird im Kündigungsschutzprozess eine umfassende Aufklärung aller Umstände vornehmen , unter denen die vermeintliche Beleidigung gefallen ist .	o	o	o	o	0	0	-	0
137	http://www.jochen-hippler.com/Aufsatze/Burgerkrieg_und_Wiederaufbau_i/burgerkrieg_und_wiederaufbau_i.html	Und die Sicht breiter Teile der Bevölkerung auf die Widerstands- und Terroristengruppen hängt nicht zuletzt davon ab , ob sie ihre Zukunft mit Hoffnung oder Aussichtslosigkeit betrachtet , und wie ihre Lebensumstände sind .	s	o	s	s	0	0	0	0
138	http://www.streitblatt.de/streitblatt/sb7/domagk.html	Man inszeniert sich als junge künstlerische Avantgarde und übersieht , daß Avantgarde keine tiefgreifende Rebellion ist , sondern ein Vorgriff auf den Weg zur Mitte , an welchem dann jedoch verdient wird .	s	s	s	s	-	-	-	-
139	http://www.gaebler.info/hamburg/reformschulatlas.pdf	Wir erwarten , dass die Evaluierung verschiedener Schulformen offenbaren wird , dass es gute und schlechte Gesamtschulen und gute und schlechte Gymnasien gibt .	s	s	s	s	0	0	0	0
140	http://www.ml-werke.de/marxengels/me06_212.htm	Monarchische Restauration oder - rote Republik , das ist jetzt die einzige Alternative in Frankreich .	s	s	s	s	0	0	0	0
141	http://www.mpil.de/ww/en/pub/research/details/publications/institute/rspr/r86.cfm?fuseaction_rspr=act&amp;act=r8693_127	Dieses Merkmal würde entgegen dem klaren Gesetzeswillen durch eine rein subjektive Bestimmung des Fluchtendes letztlich bedeutungslos .	s	s	s	s	-	-	-	-
142	http://www.bpb.de/themen/8GADVU,1,0,Zwischen_Frust_und_Flow.html	Die medialen Botschaften sind so strukturiert , dass bestimmte emotionale Reaktionen wie Freude , Hass , Traurigkeit , Spannung , Angst möglich werden .	s	s	s	s	0	-	0	0
143	http://www.projektwerkstatt.de/gav/texte/elite01.htm	Im Uni-Streik im November 2003 erfand die Uni-Leitung , u. a. Uni-Präsident Hormuth , einige Sachbeschädigungen am Phil II , um die Leitungsgremien der Studierendenschaft zu Distanzierungen zu zwingen und deutliche Spaltungen in den Streik hineinzutragen .	s	s	s	s	-	-	-	-
144	http://www.textlog.de/41577.html	Diese Künstler haben , da sie das hohe Ernste nicht mehr erreichen konnten , das Humoristische sehr glücklich getroffen .	s	s	s	s	+	+	+	+
145	http://www.jungefreiheit.de/Semantische-Landnahmen.525.98.html?&amp;cHash=b25c78e47e7b88eeb4d356e281365cd3&amp;tx_ttnews%5BbackPid%5D=432&amp;tx_ttnews%5Btt_news%5D=45184	Hier bestehe Nachholbedarf , beiden Geschlechtern müsse praktische wie kritische Theorie abgerungen werden , auf daß die einschlägige Politikberatung mehr Boden unter die Füße bekomme .	s	s	s	s	-	-	-	-
146	http://www.anarchismus.at/txt2/aktion.htm	Ich gehe davon aus , dass die Protestierenden vorhatten , bestimmten zerstörerischen Praktiken im Zusammenhang mit der WTO ein Ende zu bereiten , ebenso wie andere , noch zerstörerische aufzuhalten und nicht nur zur reinen Behinderung des Zusammenkommens einiger Leute an einem bestimmten Ort zu einer bestimmten Zeit .	s	s	s	s	+	+	-	+
147	http://www.vampyrbibliothek.de/geschriebenes/kurzgeschichten/gaeste-dunkel/027-schlaefer.htm	Seine Stimme besaß einen angenehmen Klang und den Hauch eines sympathischen , ihr unbekannten Akzents .	s	s	s	s	+	+	+	+
148	http://www.drehbuchwerkstatt.de/Fachtexte/schopenhauer.htm	Dies ist jedoch manchem Schreiber willkommen , der nämlich absichtlich schwer verständlich und dunkel schreiben will , weil er dadurch dem Leser Respekt einzuflößen vermeint , der Lump !	s	s	s	s	-	-	-	-
149	http://www.sozialismus-von-unten.de/archiv/text/friedensbewegung_israel.htm	Wir glauben nicht , daß konsequente Opposition darauf verzichten kann , selbst eine Alternative zu verkörpern .	s	s	s	s	0	0	0	0
150	http://waltpolitik.powerbone.de/herstory/ge_russi.htm	Gerade die Alternative Krieg oder Frieden bewirkte jene Zerreißproben , an denen im Revolutionsjahr 1917 insgesamt vier Ministerkabinette der bürgerlichen Regierung zerbrachen .	s	s	s	s	-	-	-	-
151	http://www.inewsnet.de/feed.php?mode=make_pdf&amp;id=61	An der neu gegründeten Universität für Gesundheitswissenschaften in Hall in Tirol versuchen sie nun genau zu untersuchen , wie der durchschnittlich trainierte menschliche Organismus auf dünne Luft und andauernde Anstrengung reagiert .	o	o	o	o	0	0	0	0
152	http://www.medizinauskunft.de/artikel/diagnose/krankheiten/Schmerzen/28_08_schmerz.php	Eine ganze Kette von Reaktionen führt dabei zu einer Überempfindlichkeit der Zellen und bereits schwache Impulse in den Schmerzfasern veranlassen starke Erregungen .	o	o	o	o	0	0	0	0
153	http://www.digitalkamera.de/Software/Photomatix_Pro_2_05/2720.aspx	"Ist der Kontrastumfang ( High Dynamic Range , kurz HDR ) zu groß , kann man mit "" Photomatix Pro , Version 2.05 "" von MultimediaPhoto verhindern , dass ganze Bildpartien entweder in dunklen oder hellen Bereichen keine Zeichnung mehr aufweisen und wie zugelaufen bzw. weggebrannt aussehen ."	o	o	o	o	0	0	0	0
154	http://www.mlwerke.de/me/me04/me04_125.htm	Die gute Seite und die schlechte Seite , der Vorteil und der Nachteil zusammengenommen bilden für Herrn Proudhon den Widerspruch in jeder ökonomischen Kategorie .	s	o	o	o	0	0	0	0
155	http://www.magdeburg-foto.de/fahnenhalle.htm	Seit einigen Jahren werden die Gebäude nach aufwendiger Renovierung vom Finanzamt genutzt .	o	o	o	o	0	0	0	0
156	http://www.kindergartenpaedagogik.de/424.html	Nach dem Urknall spaltete sich die Urkraft in 4 Naturkräfte - die Gravitation , die Starke Kraft , die Schwache Kraft und die Elektromagnetische Kraft .	o	o	o	o	0	0	0	0
157	http://www.spiegel.de/spiegel/unispiegel/d-40448975.html	Denn hier geht es nicht um guten oder schlechten Duft , sondern allein um Intensität .	s	o	s	s	0	0	0	0
158	http://www.weberberg.de/abc/texte/kp7.html	Lohnt sich zu lesen , denn es geht um Krieg und Frieden .	s	s	s	s	+	+	+	+
159	http://www.reich-der-spiele.com/kritiken/CaptnClever	"Auf diese Weise sucht er nach bestimmten Schätzen , die er als erster finden muss , um seinem Spieler den Titel "" Capt'n Clever "" einzubringen ."	o	o	o	o	0	0	0	0
160	http://hexenkueche.net/1997/grieve.html	Nach dieser Zeit filtert man durch ein Papierfilter und bewahrt den Essig in gut verschlossenen Flaschen auf .	o	o	o	o	0	0	0	0
161	http://de.wikipedia.org/wiki/Norwegen	Denn das Thema Krieg oder Frieden gehört ins Parlament und es gehört an die Öffentlichkeit .	s	s	s	s	0	0	0	0
162	http://www.astro.uni-bonn.de/~dfischer/news/SuW-L-121-130.html	RX J1856.5-3754 wurde 1997 mit dem HST als extrem schwacher Lichtpunkt entdeckt , der aber keinerlei Helligkeitsveränderungen zeigt .	o	o	o	o	0	0	0	0
163	http://www.boersen-zeitung.de/ajax/bzpro_schwer_artikel.php?artikelID=820	Man sollte aber den Umstand würdigen , dass sich erstmals überhaupt echter Widerstand formiert , so dass Murdoch längst nicht mehr im kritikfreien Raum schalten und walten kann .	s	s	s	s	+	+	+	+
164	http://elib.uni-stuttgart.de/opus/volltexte/2008/3477/pdf/Dauner_Das_Gewissen.pdf	Die Rede vom dritten Tag unterstreicht die aus menschlicher Sicht unüberwindbare Not und Hilflosigkeit und zugleich die unerschütterliche Gewissheit der Rettung .	s	o	s	s	0	0	0	0
165	http://www.migrationsrat.de/index.php?option=com_content&amp;view=article&amp;id=58:schreibtischtaeter-wenn-leitkultur-zur-leidkultur-wird&amp;catid=8:diskriminierung&amp;Itemid=28	Ob eine Idee als Leitfaden gegenwärtiger Politik geeignet ist oder nicht , können nicht hitzige Wortgefechte entscheiden , sondern ruhiges Nachdenken .	s	o	s	s	0	0	0	0
166	http://www.ra-kotz.de/abfindung2.htm	Ist aber der Restbetrag von 41 250 DM für nicht sozial motivierte Zwecke verwendet worden , so ist die Entschädigungszahlung auf zwei Veranlagungszeiträume verteilt .	o	o	o	o	0	0	0	0
167	http://www.kindergartenpaedagogik.de/561.html	Wenn dies gelingt und sie die Kinder entdecken und ernst nehmen , wird es ihnen gelingen , alle Kinder gleichermaßen zu fordern - das behinderte Kind ebenso wie das durchschnittlich begabte oder das hoch begabte Kind .	s	s	s	s	+	+	+	+
168	http://www.wahlrecht.de/forum/messages/88/222.html?1094627419	Das sind doch minimale Bewegungen im Vergleich zu dem , was es auch in der jüngeren Vergangenheit bei realen Wahlen gegeben hat .	s	s	s	s	-	-	-	-
169	http://www.smgv.ch/pdf/10-10-29_Vernehmlassung-Scheinselbstndigkeit.pdf	 Es fehlte die strikte Kontrolle vor Ort .	s	s	s	s	-	-	-	-
170	http://www.schimmelpilz.de/newforum/newreply.php?postid=2609	An besagten Glassteinen ist es oft klatschnass auf den Kacheln darunter , am niedrigen normalen Fenster komischerweise nicht , obwohl beides Außenwand ist .	s	o	o	o	-	0	0	0
171	http://www.wienerzeitung.at/Desktopdefault.aspx?tabID=3946&amp;alias=wzo&amp;lexikon=Asien&amp;letter=A&amp;cob=6536	Weshalb die Gestalten Vishnus , Shivas und Krishnas die Säulen des Gebetssaales zieren , und auf den Kuppeln und Bögen kurvige , überquellende Ornamente mit dem aus Nordafrika und Persien importierten , streng geometrischen Dekor konkurrieren .	o	o	o	o	0	0	0	0
172	http://www.testedich.de/quiz22/quiz/1171062050/Seid-ihr-wirklich-wahre-Freunde	Wir sind ja wirklich wahre Freunde .	s	s	s	s	+	-	+	+
173	http://www.livenet.ch/information/feiertage/ostern/osterpredigt/115689-karfreitag_trauer_und_freude_gehoeren_zum_leben.html	Der Mensch hat die Fähigkeit , Leiden zu ertragen , Krisen durchzustehen , zu trauern und zu sterben .	s	s	s	s	+	+	+	+
174	http://v4.uebergebuehr.de/de/themen/schulpolitik/schulnoten-abschaffen/	Sie ersetzen im Laufe der Zeit die natürliche Motivation ( im Leben zurecht kommen wollen , Neugier ) durch eine künstliche Motivation ( gute Zensuren , Vermeidung von Bestrafung ) .	s	s	s	s	-	-	-	-
175	http://mazedonien.ahk.de/dienstleistungen/senior-expert-service/	Die Tätigkeit der Senior Experten ist auf schnelle pragmatische Hilfe vor Ort ausgerichtet .	o	o	o	o	0	0	0	0
176	http://www.vera-hewener.de/html/body_presseartikel.html	Hilft doch die Bewegung , ernsthaften Krankheiten und Verletzungen vorzubeugen .	o	o	o	o	+	0	+	+
177	http://www.kindergartenpaedagogik.de/941.html	Eine gesunde und sinnvolle Entwicklung der Kinder und die Vermeidung von verkehrsbedingten Defiziten beruht nun aber ganz entscheidend auf einer kinderfreundlichen Raum- und Verkehrspolitik .	o	o	o	o	0	0	0	0
178	http://www.palaestinensische-gemeinde.at/sept02.shtml	Wir wollen bewusst die Form des Schweigemarsches wählen , als Ausdruck für ein entschiedenes Zeichen der Ablehnung und Verurteilung von Okkupation , Ungerechtigkeit und Gewalt .	s	s	s	s	+	-	-	-
179	http://www.bo-alternativ.de/arno-kloenne.htm	Es kommt demokratisch motivierte Opposition auf , vielgestaltig und als Suchbewegung .	s	s	s	s	+	+	+	+
180	http://freeweb.dnet.it/antifhain/presse_artikel.htm	Zuletzt ist nicht zu vergessen , dass Integration nur parallel zu konsequenter Bekämpfung rassistischer Gewalt und rechtlicher Verfolgung rassistischer Gewalttaten gelingen kann .	s	o	s	s	0	0	0	0
181	http://www.gesundheit.com/bo_detail_3774249296.html	Der Heilpraktiker und Experte für den Bewegungsapparat Achim Schmauderer stellt einfache und effektive Übungen für den Rücken vor , die wirklich helfen .	s	s	s	s	+	+	+	+
182	http://www.arendt-art.de/deutsch/palestina/texte/Al_Sabawi_verpasste_gelegenheit.htm	Diese gravierenden Menschenrechtsverletzungen führten schließlich zum Mord an Rachel Corrie , der Tochter von Craig und Cindy , als sie tapfer versuchte , gewaltlosen Widerstand zu leisten , um das Wohnhaus eines Arztes in Rafah vor der Zerstörung zu bewahren .	s	s	s	s	-	-	-	-
183	http://www.satzmedia-catalog.com/_gruene_inseln08/cgi-bin/gesamt.cgi	Grüne Wiesen , prachtvolle Gärten mit mediterraner Vegetation , malerische Strandbuchten und wilde Klippen .	s	s	s	s	+	+	+	+
184	http://www.here-now4u.de/vorwort__die_bedeutung_der_erd.htm	Er offenbart uns die Vision einer ganz und gar göttlichen Menschheit , die zur dominierenden Kraft des kommenden spirituellen Zeitalter wird .	s	s	s	s	+	+	+	+
185	http://www.au-pair-box.com/cms/db_site.cgi/site_259	Vergebung und Versöhnung , Zuversicht und Hoffnung in schwierigen Lebenssituationen .	s	s	s	s	+	+	+	+
186	http://home.arcor.de/faleri2oo2/dvd.htm	Durch die sehr lockere und manchmal provokante Art des Regisseurs und die meist exzellent gelungene Montage ist dieser Film eine humorvolle Anklage gegen die Waffenlobby , die amerikanischen Medien und die amerikanische Politik .	s	s	s	s	+	+	+	+
187	http://www.freie-radios.de/poonal/15.htm	Die Journalisten und Journalistinnen dieser Sender sollen weiterhin ihr Recht auf Meinungsfreiheit ohne Angriffe und Einschüchterungen ausüben können .	s	s	s	s	0	0	0	0
188	http://www.ekd.de/advent_dezember/aktuell/archiv/adventskalender_zauber_der_erwartung.html	Bischof Kähler würdigte im Vorfeld Schneiders unbeugsames Engagement als Vertreter der Bekennenden Kirche während des Nationalsozialismus .	s	s	s	s	+	+	+	+
189	http://www.diegeschichteberlins.de/geschichteberlins/berlin-abc/stichworteag/559-borsig-moabit.html	"Als aktiver Förderer des Gartenbaues - seit 1835 war er Mitglied im "" Verein zur Beförderung des Gartenbaues in den Königlich Preußischen Staaten "" - betraute Borsig mit der Anlage des Parks keinen geringeren als Peter Joseph Lenné , den genialen Landschaftgestalter , während Hausarchitekt Johann Heinrich Strack sowohl für die Errichtung des Wohnhauses ( erbaut 1849 ) als auch für die Industriebauten verantwortlich zeichnete ."	s	s	s	s	0	+	0	0
190	http://www.meinepolitik.de/ueberwa.htm	Ein demokratischer Verfassungsstaat muss also nicht nur die Grundrechte der freien politischen Kommunikation wie die Meinungsfreiheit , die Versammlungs- und die Vereinigungsfreiheit respektieren , sondern auch die auf den Schutz der Privatsphäre zielenden Grundrechte , um einen offenen demokratischen Meinungsstreit ohne Angst vor Diskriminierung und Verfolgung zu ermöglichen .	s	s	s	s	0	0	0	0
191	http://www.judentum-projekt.de/geschichte/altertum/kriege/index.html	Dort leistete er heldenhaften Widerstand , bis die Stadt im August 135 durch Verrat in die Hände der Römer fiel .	s	s	s	s	+	+	+	+
192	http://www.dreigliederung.de/news/00123100.html	Dafür sei auch ein ausreichendes Angebot guter Ganztagsbetreuung in der Schule nötig .	s	s	s	s	0	0	0	0
193	http://www.fen-net.de/~ba1526/howaami.htm	Aber mit Zähigkeit und dem festen Willen , allen Widerständen zum Trotz nicht aufzugeben , gelingt es ihr .	s	s	s	s	+	+	+	+
194	http://www.deutsche-landwirte.de/050405b.htm	Für den Räuber ist er scheinbar leichte Beute - und hat der Kiebitz ihn weit genug vom Nest gelockt , flattert er , nach wundersamer Heilung , munter davon .	s	s	s	s	0	+	+	+
195	http://www.lateinamerikanachrichten.de/index.php?/artikel/454.html	Sie würde die ihr verdiente Strafe bekommen , nämlich die Strafe der Einsamkeit für ihre notorische Nostalgie der kolonialen Zeiten in einem Land , das den Weg der nationalen Würde gewählt hat .	s	s	s	s	-	-	-	-
196	http://www.regenwurm.de/pdf/erven-meine-hochbeete.pdf	Rutengänger , die in diesem Jahr bei mir waren , stellten fest , daß dieser Baum eine ungeheuer starke Ausstrahlung hat .	s	o	o	o	+	0	+	+
197	http://www.dieterwunderlich.de/Minghella_patient.htm	Ein großartiger Film über Liebe , Tod und Krieg , Kultur und Barbarei .	s	s	s	s	+	+	+	+
198	http://www.uni-protokolle.de/nachrichten/id/50801/	Besonders erfreulich an dem jüngsten Hochschulvergleich ist , daß das dicke Lob diesmal von den Personalchefs kommt .	s	s	s	s	+	+	+	+
199	http://www.gestalt.de/schneider_widerstand.html	Die reibungslosesten Vorstöße gehen gerade so weit , daß sich Widerstand und positive Gefühle wie Stolz , Freude , Neugier , Spaß , Abenteuerlust ausbalancieren und dem Klienten möglich machen , die auftauchenden unangenehmen Gefühle wie Angst oder Schmerz entgegenzunehmen und mitzutragen .	s	s	s	s	+	+	+	+
200	http://www.reich-der-spiele.com/kritiken/Wallenstein	So ist Wallenstein ein wirklich gutes Spiel , das alle Spieler für rund zwei Stunden gut unterhält .	s	s	s	s	+	+	+	+
201	http://www.scifi-forum.de/off-topic/off-topic-allgemein/25596-glaubt.html	Es gibt auch nur eine höhere passive Gerechtigkeit .	s	s	s	s	0	0	0	0
202	http://www.archive.org/stream/schubert00arma/schubert00arma_djvu.txt	Sie zeichnet sich durch wunderbare Melodien , fein ausgestaltete Kontrapunkte und seltsam anziehende Dissonanzen aus .	s	s	s	s	+	+	+	+
203	http://www.inkultura-online.de/thoden.html	"Der "" American Way of Life "" fordert außerdem eine permanente und gesicherte Versorgung mit billiger Energie , sprich Erdöl , um dessen Verfügbarkeit schon jetzt unter dem Deckmantel des Kampfes gegen den Terror ein Krieg geführt wird ."	s	s	s	s	-	-	-	-
204	http://www.theophil-online.de/philipp/mfphil2.htm	Wichtig ist eine gelassene , absichtslose und respektvolle Begleitung der subjektiven religiösen Potentiale .	s	o	s	s	0	0	0	0
205	http://www.forschungsnetzwerk.at/downloadpub/JCS_Medizin-2004.pdf	Neben der gewissenhaften Betreuung der von ihnen in ärztliche Beratung übernommenen gesunden und kranken Menschen spielt die Erstellung von medizinischen Gutachten eine große Rolle .	o	o	o	o	0	0	0	0
206	http://www.radiovaticana.org/tedesco/ted_menschen_old.htm	Aber wenn wir die Autonomie bekommen , die wir wirklich wollen , das heißt , daß wir in Tibet unsere eigenen Angelegenheiten verwalten können , dann werden wir die politische oder gesetzliche Macht haben , den Zustrom zu kontrollieren .	s	s	s	s	0	0	0	0
207	http://www.projektwerkstatt.de/aes/natsch_v_o.html	Ohne den Wilderer , aber mit reicher Beute .	s	s	s	s	+	+	+	+
208	http://www.thorwal-standard.de/soeld3.htm	Hohe Erfolgsquote , geringe Gebühr !	s	s	s	s	+	+	+	+
209	http://192.68.214.70/km/aufgaben/gewaltpraevention/massnahmen/faustlos/index.shtml	Die Kontrolle impulsiven Verhaltens ist der zweite Baustein der Faustlos-Curricula .	o	o	o	o	0	0	0	0
210	http://gruene-berlin.de/positionen/stach_arg/127/keinausweg.html	Selbst in unproblematischen Kiezen wie dem Bötzowviertel , das das höchste durchschnittliche Einkommen im Prenzlauer Berg aufweist , melden sich Eltern polizeilich um , damit ihre Kinder nicht in die Grundschule des Einzugsgebietes gehen müssen .	s	s	s	s	-	-	-	-
211	http://www.leipziger-kritiken.de/2010/12/lenin-revolutionaere-kritik/	Und das angesichts des hohen moralischen und geistigen Aufschwungs , der die Folge jeder siegreichen Revolution war !	s	s	s	s	-	-	0	-
212	http://www.muenzen-der-severer.de/limes.htm	Bei recht guter Erhaltung sind jedoch alle Details sehr verwaschen und am Rand sind Reste eines Saumes zu erkennen , die für eine Herstellung im Gußverfahren sprechen .	s	o	s	s	0	0	0	0
213	http://www.hausarbeiten.de/faecher/vorschau/105453.html	Ernährung mit reichlich frischem Obst , Gemüse und Zwiebeln sind gute Maßnahmen gegen Magenkrebs .	o	o	o	o	+	0	+	+
214	http://www.medizinauskunft.de/artikel/special/14_07_pflanzenfabrik.php	Ziel des Projekts ist es , Impfstoffe und Medikamente zur Behandlung der wichtigsten Krankheiten wie Aids , Tollwut , Diabetes und Tuberkulose zu produzieren .	o	o	o	o	0	0	+	0
215	http://www.lateinamerikanachrichten.de/index.php?/print/419.html	Ich glaube , ein bedeutender Teil der chilenischen Gesellschaft ist sehr zufrieden - der Teil , der vom wirtschaftlichen Modell profitiert , dem die Diktatur nicht geschadet hat .	s	s	s	s	+	-	+	+
216	http://www.verfassungen.de/de/sac/sachsen47-index.htm	Das soll jedoch nicht Maßnahmen und die Anwendung von Bestimmungen hindern , die zur Überwindung des Nazismus , des Faschismus und des Militarismus getroffen werden oder die zur Ahndung von Verbrechen gegen die Menschlichkeit notwendig sind .	s	s	s	s	0	0	0	0
217	http://www.bibelkommentare.de/index.php?page=comment&amp;comment_id=198&amp;series_id=5&amp;part_id=1466	Wir erkennen keinen Spott wegen ihres niedrigen Zustands , sondern vielmehr Mitgefühl , ja , sogar mehr als Mitgefühl , denn sein Verlangen nach ihrer Vermittlung bewies die Echtheit seiner Achtung für die auserwählte Nation .	s	s	s	s	+	+	+	+
218	http://www.palaestinensische-gemeinde.at/plassnik2.shtml	"Am Ende dieses Weges müsse "" eine Friedenslösung mit zwei unabhängigen Staaten stehen , deren Bürger in Frieden und Sicherheit und frei von Terror und äußerem Druck leben können "" , so Plassnik ."	s	s	s	s	+	+	+	+
219	http://www.rafa.at/19bjoern.htm	So manch ein Psychopath wird möglicherweise erst durch das Bild , welches zur Auflagensteigerung in der Öffentlichkeit erzeugt wird , dazu gedrängt , dieses ( durch und durch falsche ) Bild des Satanismus in sein eigenes Wahngebäude zu intergrieren , um eine Rechtfertigung ( Satan wollte es so ) für seine Schandtaten zu haben , eine höhere Kraft , an die er die Verantwortung für seine Straftat delegieren kann .	s	s	s	s	-	-	-	-
220	http://www.doew.at/thema/vergangen/problnsverg.bak	Ich darf zuerst für die Einladung zur Mitwirkung herzlich danken und Herrn Ntsebeza meinen Respekt und Sympathie für sein Land zum Ausdruck bringen , das unter der Führung von Nelson Mandela der ganzen Menschheit ein Vorbild für eine friedliche , demokratische und humane Revolution gegeben hat .	s	s	s	s	+	+	+	+
221	http://www.amazon.de/review/R1G20Y83A6CZJS	Bei all dieser Vielfalt geizt er natürlich nicht mit witzigen Anekdoten , die keine Langeweile beim Lesen aufkommen lassen .	s	s	s	s	+	+	+	+
222	http://www.m4m.de/bildung/rdkernfu-iter.htm	Im Vergleich zur Kernspaltung gibt es deutlich weniger langlebige und leichter handhabbare radioaktive Abfälle .	o	s	s	s	+	+	+	+
223	http://www.ra-kotz.de/stundenzettel.htm	Zum Einen ist berechtigterweise das Vertrauen der Beklagten in die Redlichkeit des Klägers und die Richtigkeit seiner Abrechnungen gestört .	s	s	s	s	-	-	-	-
224	http://www.kaukasische-post.de/KP43/kult2.htm	Jedermann wußte , daß , dies zweifellos höchste Erregung bedeutete .	s	s	s	s	0	0	0	0
225	http://www.aus-portal.de/rechtsprechung/entscheidungen/ctg1079949622962/130.html	Für die bei Zweifeln darüber hinaus mögliche Heranziehung weiterer Auslegungskriterien ( Tarifgeschichte , praktische Tarifübung und Entstehungsgeschichte des Tarifvertrages ) gibt es keinen Zwang zu einer bestimmten Reihenfolge .	o	o	o	o	0	0	0	0
226	http://www.pointernet.pds.hu/kissendre/civilizacioelmelet/20060108121207500000000963.html	Dass diese Maengel der begrifflichen Aufarbeitung - gewollt oder ungewollt - gewissen sozialen Gruppen handgreifliche Vorteile , waehrend anderen Gruppen ebenso handgreifliche Nachteile bereiten , versteht sich von selber .	s	s	s	s	-	-	-	-
227	http://www.bingen.bistummainz.de/bistum/bistum/kardinal/texte/texte_2004/rainer.html	Kunst ist gerade so Steigerung des Lebens , der Lebendigkeit in Freude und Leid , in Sympathie und Empathie , was nicht zuletzt den Gemeinschaftscharakter gelingenden menschlichen Lebens zur Geltung zu bringen vermag .	s	s	s	s	+	+	+	+
228	http://www.projektwerkstatt.de/hoppetosse/widerstand/bericht1.htm	Gründet in Regionen und Städten Gruppen , die sich auf kreativen und direkten Widerstand vorbereiten - am besten über Gruppengrenzen hinweg , so daß das KnowHow dann in viele Gruppen zurückfließen und bei verschiedensten Aktionen verwendet werden kann ( Antifa , Anti-Atom , Großbaustellen , Aktionen gegn Gefängnisse , Abschiebungen , Gelöbnisse usw. und natürlcih die überregionalen Großaktionen ) .	o	o	o	o	0	0	0	0
229	http://www.drosi.de/md/md99_96.htm	Er hat feines schulterlanges blondes Haar und blaue Auge , die einen wachen Geist verraten .	s	s	s	s	+	+	+	+
230	http://www.johnkerl.org/randspell/wordlists/input-german.txt	Blutsauger wie Robin schicken die Vampirin auf die Jagd , um sich in der Sonne knusprig braun brennen zu lassen und gefallene Gegner per herzhaftem Biss zu treuen Gefolgsleuten zu machen .	s	s	s	s	0	-	-	-
231	http://www.dr-schnitzer.de/srep425.htm	Erhebliche Steigerung der Widerstandskraft gegen Erkrankungen .	o	s	s	s	+	+	+	+
232	http://www.dr-schnitzer.de/srep402.htm	Bisher nie krank gewesen , auch keine Kinderkrankheiten , vollkommen gesundes Gebiß ohne Plomben .	o	s	s	s	+	+	+	+
233	http://www.dieterwunderlich.de/Sijie_Balzac.htm	Dezember 2003 kam die von Dai Sijie selbst wunderbar leicht inszenierte Verfilmung des Romans in die deutschen Kinos .	s	s	s	s	+	+	+	+
234	http://www.amazon.de/Starke-Frauen-Herlinde-Koelbl/dp/product-description/3897165430	Denn wer sich derart einer wunderbar sensibel geführten und im wahrsten Sinne hautnahen Kamera hingibt , nackt , ungeschützt , vertrauensvoll , gleichzeitig stolz und selbstbewusst , der ist wohl wirklich im Einklang mit sich selbst .	s	s	s	s	+	+	+	+
235	http://www.kindergartenpaedagogik.de/410.html	In Spiele sollen sie freudig und allseitig , alle Kräfte übend und bildend , in schuldloser Heiterkeit , Einträchtigkeit und frommer Kindlichkeit sich darleben , für die Schule und kommenden Lebensstufen sich wahrhaft vorbereiten , wie die Gewächse in einem Garten unter dem Segen des Himmels und der aufsehenden Pflege des Gärtners gedeihen .	o	s	s	s	+	+	+	+
236	http://www.astro.uni-bonn.de/~dfischer/news/580.html	Doch die Theoretiker tun sich immer noch schwer , dem Mars eine stabile dichte Atmosphäre zu verschaffen - und nun gibt es ein alternatives Modell , bei dem große Einschläge in der Epoche des » starken Bombardements « vor 3.5 Mrd. Jahren für kurzzeitig fließendes Wasser gesorgt haben .	s	o	o	o	0	0	-	0
237	http://nva.bizhat.com/nvaentwaffnung.htm	Am 9.11.2000 appellierten wir erneut angesichts zunehmender Menschenrechtsverletzungen in Papua an Außenminister Fischer , keinen Missbrauch der ehemaligen NVA-Schiffe zu dulden .	s	s	s	s	-	-	-	-
238	http://www.ku-ki.de/praxishandbuch_kuki.pdf	Wir meinen damit eine umfassende Kulturarbeit und eine Liebe , die frei wird von Angst für alle Beteiligten .	s	s	s	s	+	+	+	+
239	http://www.jurawelt.com/gerichtsurteile/sonstige/arbeitsrecht/bag/1718	Hinzu kommen faktisch für den Spediteur unverzichtbare Kontrollen mit Rücksicht auf seine versicherungsrechtlichen Obliegenheiten .	o	s	s	s	0	-	0	0
240	http://www.teachsam.de/deutsch/d_ubausteine/schr_ub/txteroert_ub/tero_txt_5_ub_11.htm	Und eine Schule , die sich in dieser Weise profilieren kann , wird die dann sicher geringer ausfallenden Disziplinprobleme nicht mit Schuluniformen zu bekämpfen haben .	s	s	s	s	+	+	+	+
241	http://www.bendorf-geschichte.de/bdf-0132.htm	"Die Versorgung der Eisenschmelzen mit dem "" Brennstoff "" Holzkohle war schon immer ein recht ernsthaftes Problem ."	s	s	s	s	-	-	-	-
242	http://www.lebensformen.diealternativen.de/lform-pilger.htm	Ihre Fahrräder sind für sie ein Transportmittel , es besteht kein sportlicher Ehrgeiz .	s	s	s	s	0	0	0	0
243	http://www.praevention.at/seiten/index.php/nav.23/view.273/level.3/	Das intensive Eingreifen der Droge in das Empfinden löst Euphorie aber auch oft Angst bis hin zu offener Panik aus ( schlechter Film ) , woraus sich der Konsument nur selten allein lösen kann .	o	o	o	o	-	-	-	-
244	http://www.bikonline.de/histo/hinter1.html	Die Folge war hohe Arbeitslosigkeit im Textilgewerbe , das hauptsächlich für den Export produzierte .	o	o	o	o	-	-	-	-
245	http://www.geburtsschaden.de/fakten.html	Da Dr. Fink im Urlaub war und unser Sohn starkes Fieber hatte , mußten wir am 05.01.199X zu ihm in die Praxis .	o	o	o	o	-	-	-	-
246	http://www.falungong.de/printpreview/pressemitteilungen/1067804674.html	Vernichtet die Falun Gong-Praktizierenden geistig und körperlich durch systematische , staatlich sanktionierte Zwangsarbeit , Gehirnwäsche , Folter und Mord .	o	o	o	o	-	-	-	-
247	http://www.antiimperialista.org/node/3669	Die Bush-Administration , das Pentagon und all diejenigen , die sie bei ihrem illegalen Aggressionskrieg gegen den Irak unterstützt haben , bei einem Verbrechen gegen den Frieden , einem Verbrechen des Krieges und einem Verbrechen gegen die Menschlichkeit .	s	o	s	s	-	-	-	-
248	http://www.helles-koepfchen.de/optische-taeuschungen.html	Machst du das nicht , so entsteht eine perfekte Verwirrung .	s	s	s	s	0	-	-	-
249	http://www.kommunisten-online.de/btgedanken2.htm	Und von außen wirkte ( dank dieser inneren Schwächen immer nachhaltiger ) der Gegner , indem er die mit der fortschreitenden Technologie verbundene spontane Differenzierung der Arbeiterklasse durch Vervolkommnung seiner antirevolutionären Strategie durch immer perfektere Verbindung von Korruption , Demagogie und oft verfeinertem Terror ausnutzte .	s	s	s	s	-	-	-	-
250	http://www.mumia.de/doc/aktuell/20020305m18pg00de.html	Die dabei am meisten erfaßte und von rassistisch motivierter Repression betroffene Bevölkerungsgruppe sind Flüchtlinge , Migrantinnen und Migranten .	o	o	o	o	-	-	-	-
251	http://www.katzendiabetes.de/Abschied/1727793.htm	Ich spüre dann vollkommen meine Liebe für diesen besonderen Freund und die Trauer über diesen Verlust.	s	s	s	s	+	+	+	+
252	http://www.astrologix.de/artikel/newastro/kern_chiron.html	Also Schmerz und Heil , Lust und Unmut , Freude und Leid .	o	s	o	o	0	0	0	0
253	http://www.der-farang.com/?article=2004/16/mitwellness	Und darum wird auch jeder zu einer anderen Mixtur greifen wollen , um auf seine Weise Stress abzubauen , Energie zu tanken und damit neue Lebenslust zu finden .	o	o	s	o	0	-	+	0
254	http://www.nfsa.de/old_hp/dvd/spiel_mir_das_lied_vom_tod.html	Als er im darauffolgenden Jahr im Mai in den USA anlief , brachte er jedoch nur durchschnittliche Einnahmen und bekam schlechte Kritiken .	o	o	o	o	-	-	-	-
255	http://www.zentralstelle-kdv.de/z.php?ID=201	Das bedeutet nämlich , daß bei einem angenommenen Wegfall aller Zivildienstleistenden in der stationären Altenhilfe das Gesamtvolumen des damaligen Ergebnisses zwischen Heimen und Kostenträgern um weitere 150 Prozent erhöht werden müßte .	s	o	s	s	-	-	-	-
256	http://www.narren-spiegel.de/braeuche/hemdglonker.html	"Die erleuchteten schwankenden "" Hauszelte "" tragen im besonderen Maße zum optischen Reiz des nächtlichen Umgangs bei ."	o	s	o	o	+	+	+	+
257	http://eur-lex.europa.eu/LexUriServ/LexUriServ.do?uri=CELEX:61983J0014:DE:HTML	Allerdings schreibt die Richtlinie keine bestimmte Sanktion vor , sondern beläßt den Mitgliedstaaten die Freiheit der Wahl unter den verschiedenen , zur Verwirklichung ihrer Zielsetzung geeigneten Lösungen .	o	o	o	o	0	0	0	0
258	http://vorort.bund.net/suedlicher-oberrhein/energieverschwendung-trea-breisgau.html	Die im Genehmigungsverfahren durchgespielten Lastfälle hatten die nutzbare Abwärmemenge leider schon von vorne herein an einen angenommenen geringeren Bedarf angepasst .	s	s	s	s	-	-	-	-
259	http://www.nexusboard.net/sitemap/4802/das-leidige-thema-die-mannerwelt-t297403-p3/	Hallo ratemal , das mit dem Essen ist schon ein leidiges , aber ein echt ernstes Thema .	s	s	s	s	-	-	-	-
260	http://anmelden.net/Homepage-Internet/	Angebote für die recht komplizierten Gewerbeversicherungen werden sehr sorgfältig und umfangreich erarbeitet .	o	o	o	o	+	+	+	+
261	http://www.schoenstatt.de/news2000/tb_y2k03/yk080101.htm	"Darin lernt der Junge Robert das Ritterleben kennen , erfährt , dass ein "" ritterliches Herz "" wichtiger ist als der Gewinn eines Streits ."	o	o	o	o	+	0	+	+
262	http://www.netzpunkt.de/konflikt/irak/archiv/nzz_utopia_irak_9042003.htm	In andern Ländern - Russland ist hier das prominenteste Beispiel - existierten diese Voraussetzungen nicht , und deshalb verläuft dort der Übergang zu einer wirklich freien , offenen und demokratischen Gesellschaft sehr holprig , um das Mindeste zu sagen .	s	s	s	s	-	-	-	-
263	http://www.startrek-index.de/tv/voyager/print/voy5_6.htm	Unglaubliche Spannung , nie gesehene Special Effects und eine geniale Handlung machen diese Episode zu einem absoluten Highlight der bisher ohnehin nicht schlecht angefangenen fünften Staffel .	s	s	s	s	+	+	+	+
264	http://www.gutefrage.net/frage/gute-tips-fuer-eine-diaet	Wenn Ihnen der langweilige und nach nichts schmeckende Magerquark , der Tofu oder das Müsli zum Hals heraushängen und Sie Appetit auf eine Schweinshaxe oder einen Käse mit 75 % Fett haben , dann genießen Sie diese leckeren Speisen ohne schlechtes Gewissen und ohne Angst , gleich eine Kleidergröße mehr zu benötigen .	o	s	o	o	+	+	+	+
265	http://www.dvdcheck.de/reviews/ride_with_the_devil.htm	Insgesamt tontechnisch jedoch guter Durchschnitt , auch aufgrund der sauberen Sprachausgabe und der vielseitigen und dynamischen Anspielung der getrennten Kanäle .	s	s	s	s	+	+	+	+
266	http://www.feuerwerk-forum.de/archive/index.php/t-522.html	Vielleicht gibt das einen besseren Überblick über die Vielfalt der wirklich sehenswerten Silvestereffekte .	s	s	s	s	0	+	+	+
267	http://www.vatican.va/holy_father/pius_xii/encyclicals/documents/hf_p-xii_enc_08091957_miranda-prorsus_ge.html	Ein wunderbarer Film , kein Zweifel !	s	s	s	s	+	+	+	+
268	http://www.sinn-haft.at/archiv/archive/nr_13_luxus/umgekehrte_apokalyptik.html	Einen massiven Aufschwung gewann sie durch die Aufdeckung der stalinistischen Verbrechen und den ökonomische Niedergang des in den 50er Jahren noch als überlegen erlebten Sowjetimperiums .	o	o	o	o	+	-	+	+
269	http://www.der-farang.com/?article=2004/07/dasspiel	Ehrfurcht erregender Stil , der den Neuling leicht schaudern lässt .	s	s	s	s	+	+	+	+
270	http://www.webheimat.at/aktiv/Gesundheit-Wellness/Archiv-Gesundheit-Wellness/Hepatitis-C-Therapie.html	Andererseits würde ich mir wünschen , offen darüber sprechen zu können , um anderen Betroffenen Mut zu machen , sich einer Therapie zu unterziehen .	s	s	s	s	-	-	-	-
